Song,Artist,Genre,LastPlay,Tempo,TimesPlayed,To-play,Tone,link
Eres Todopoderoso,Danilo Montero,Alabanza,"January 11, 2026",125,2,No,G,https://youtu.be/ZS7st5oNSWU?si=cBTdmBE8dB-LBaGS
Oh Moradora de Sión,Jaime Murrel,Alabanza,"December 28, 2025",135,2,No,C-,https://www.youtube.com/watch?v=9d0izkup40g
Más El Dios de toda Gracia/Quiero Levantar mis manos,Marcos Witt,Adoración,"November 2, 2025",62,2,No,A,https://youtu.be/tI70aR3lBIY?si=q0dgd4LqUBVi2Hpy
Dios el Más grande,Juan Carlos Alvarado,Adoración,"November 30, 2025",60,3,No,Bb,https://www.youtube.com/watch?v=MMGUo2xmmEY
En Alta voz,New Wine,Alabanza,"November 2, 2025",140,3,No,Bb,https://youtu.be/p4sEPZNHBb4?si=2zGm5ALvFtsCJzKd
"Enamórame ",Abel Zavala,Adoración,"November 2, 2025",62,2,No,G,https://youtu.be/PcxOm1SMsNo?si=KNJBBk-ddKesGBZl
"Venció ",Marcos Witt,Alabanza,"November 9, 2025",130,2,No,C#-,https://youtu.be/PH5lknwUIME?si=fc5FTx7ZSSYikszR
La Bondad De Dios,Church Of The City,Adoración,"March 15, 2026",68,4,No,G,https://youtu.be/SnIzImY9wO4?si=saYxQYKU_jmzUEwh
Mi Dios Es Bueno,New Wine,Alabanza,"November 9, 2025",160,4,No,Eb,https://youtu.be/HLgUQxIiVEA?si=v27nEXkS-44gwnpu
Tu Nombre Es Dios,Marcos Witt,Alabanza,"November 16, 2025",125,3,No,A,https://youtu.be/w0c05mQz_Kk?si=QL9OV0Wu-Au78jse
"Por el poder de tu amor ",Ingrid Rosario,Adoración,"November 16, 2025",65,4,Yes,G,https://youtu.be/Tssk5UWxvuw?si=6Tu8AYIb3SCKbHuL
"poderoso ",Marcos Witt,Alabanza,"March 8, 2026",98,3,No,A-,https://www.youtube.com/watch?v=JHJOlNAsz3s
Preciosa Sangre,Marco Barrientos,Adoración,"May 10, 2026",70,3,No,A,https://www.youtube.com/watch?v=6gO9rCFJ1wk
"Tú mereces gloria ",Juan Carlos Alvarado,Alabanza,"March 22, 2026",120,3,Yes,D,https://youtu.be/443LjjL_1bs?si=dhpO4c2zrWY1KQXu
Vamos A Cantar,En Espíritu y En Verdad,Alabanza,"November 23, 2025",148,4,No,Eb,https://youtu.be/HSQzeIaPgIg?si=1yxgad7tQOeVkP4K
Agradecido,Miel San Marcos,Alabanza,"February 1, 2026",146,3,No,C-,https://youtu.be/hOZwYdGVqBs?si=58EAlAVgbTc3Gqw8
Mi Dios,Miel San Marcos,Adoración,,,3,No,F,https://youtu.be/3Z73vLnbpHE?si=L9-XkRu7j9vxda0q
Cristo yo te amo,En Espíritu y En Verdad,Adoración,"January 11, 2026",58,2,No,G,https://youtu.be/aph2vPicNhQ?si=0qVIn-Sv-EjAyD0D
Quiero Agradecerte,Abel Zavala,Adoración,"April 12, 2026",60,2,No,C,https://youtu.be/5ZbuVaEqLxs?si=vi4HvuBt61Eh8F6Z
Por las llagas,Vino Nuevo,Adoración,"March 8, 2026",60,3,No,A,https://youtu.be/6ldgQXB35qU?si=4nKVfYN7xsi4DWrQ
Abre Mis Ojos,Danilo Montero,Alabanza,"December 7, 2025",128,3,No,A,https://youtu.be/ny3zy3gnthM?si=AWnZrtYGqy902GQk
Bueno es Alabar,Danilo Montero,Alabanza,"December 7, 2025",120,1,No,G,https://youtu.be/Br6--RiH8XE?si=ts_kui85hwXlgb3m
Tu Mirada,Marcos Witt,Adoración,"December 7, 2025",54,3,No,A,https://youtu.be/YNou3YGzP_M?si=pQT99szGgayPb1it
Fiesta,Miel San Marcos,Alabanza,"April 19, 2026",155,6,No,C-,https://youtu.be/NVtVI4bd0qU?si=KLpqJdZ8iMZGDv--
Renuévame,Marcos Witt,Adoración,"December 21, 2025",60,2,No,,https://www.youtube.com/watch?v=tReaOADu6ho
Bienvenido Espíritu Santo,Miel San Marcos,Alabanza,"March 29, 2026",98,1,No,A-,https://www.youtube.com/watch?v=8FNTUOSi-YE&pp=ygUZYmllbnZlbmlkbyBlc3Bpcml0dSBzYW50bw%3D%3D
Los muros Caerán,Miel San Marcos,Alabanza,"December 21, 2025",152,1,No,C-,https://www.youtube.com/watch?v=PZ80mblbzss
Te Doy Gloria,En Espíritu y En Verdad,Alabanza,"December 21, 2025",136,1,No,C,https://youtu.be/rmqrou5xDpo?si=DmmXnZoNvHKIdRTb
"Deleite ",Yashira Guidini,Adoración,"March 22, 2026",55,2,No,,https://www.youtube.com/watch?v=exVlV7lNRk8
"Hossana ",Marco Barrientos,Alabanza,"December 28, 2025",146,6,No,"B- ",https://youtu.be/RHZTk79wAL4?si=v3ioNRKC36rKO0Zt
"Óleo de Alegría ",Miel San Marcos,Alabanza,"December 28, 2025",153,1,No,C-,https://youtu.be/1TuOGJkKqWA?si=USdQS1-xw1QmA_hg
"Júbilo ",Miel San Marcos,Alabanza,"January 11, 2026",135,1,No,D,https://youtu.be/QpUU0KGYYUY?si=iTeqr9qzEFPD6YFC
Dios de Generaciones,Abel Zavala,Adoración,"April 19, 2026",69,3,No,C,https://youtu.be/ugRhso5yQ-0?si=H0KAPovUry5_uWnw
"Él es Rey ",Danilo Montero,Alabanza,"January 18, 2026",134,4,No,E-,https://youtu.be/3I0ovvz_l2Y?si=GXgDaos0BeyAeB5P
Dios incomparable,Generación 12,Adoración,"January 11, 2026",78,1,No,B,https://youtu.be/RS-Ql-6mCCk?si=KqNzxliz8cGBB9Pi
Tú Nombre oh Dios,Marcos Witt,Alabanza,"January 18, 2026",130,2,No,G,https://youtu.be/w0c05mQz_Kk?si=bZuOuu4oFsuzyE0U
"La Voz de mi Amado ",Manahaim,Alabanza,"March 22, 2026",160,3,No,A-,https://www.youtube.com/watch?v=edFMVackPl4
Hermoso Eres,Marcos Witt,Adoración,"January 18, 2026",59,2,No,A,https://youtu.be/Vmt7ZfSUN6c?si=vB1k0822rcXotIOe
Exáltate,Marcos Witt,Adoración,"January 18, 2026",59,2,No,Bb,https://youtu.be/Vmt7ZfSUN6c?si=vB1k0822rcXotIOe
"La Nube de tu Presencia    ",Vino Nuevo,Alabanza,"March 15, 2026",138,3,No,B,https://www.youtube.com/watch?v=8UfidgAQ6fw
Oh Moradora (Arreglo Propio),Jaime Murrel,Alabanza,"January 25, 2026",115,1,No,C-,https://youtu.be/9d0izkup40g?si=cIfZVWYG4DMAZQa5
No Puedo Callar,En Espíritu y En Verdad,Alabanza,"April 12, 2026",127,3,No,C,https://youtu.be/iBCp3osSBUQ?si=FbNMx9-jOcp_c93a
"Que sería de mi ",Jesús Adrián Romero,Adoración,"January 25, 2026",55,2,No,,https://youtu.be/rB92Hl2dg3c?si=hkyT3V33293GtYlG
"Necesito más de ti ",Ericson Alexander Moreno,Adoración,"January 25, 2026",,2,No,F,https://youtu.be/gyua0wyyUpY?si=W0-1sGgFPoloYzCK
Los Muros Caerán (Proezas),Miel San Marcos,Alabanza,,,5,No,A-,
Bautízame,Miel San Marcos,Alabanza,"February 1, 2026",150,1,No,D-,https://youtu.be/A0_fbqzIHcU?si=cZQwU9juIh9kKN7B
"Invencible ",Miel San Marcos,Alabanza,,150,4,No,D-,
"Haz llover ",Vino Nuevo,Adoración,"May 10, 2026",65,3,No,A-,https://youtu.be/i0NjvZP-xp8?si=1wX6d0g_xNSj0XKP
"En Los Montes, En los Valles",Marcos Witt,Alabanza,"March 1, 2026",107,2,No," G",https://youtu.be/O4bQox2D_Ws?si=zjhpqcbpP2L4Cya0
"Unidos ",Miel San Marcos,Alabanza,"February 8, 2026",150,1,No,B-,https://youtu.be/ps_ZTBE7D-o?si=g3pD6VSCJETiXTMA
Vivo para Cristo,Juan Carlos Alvarado,Alabanza,"March 1, 2026",101,2,No,G,https://youtu.be/N5PiDgurOxY?si=vWlP408TjmBebPpb
"Fiesta en el Desierto ",Montesanto,Alabanza,,,5,No,E,
"Dios imparable ",Marcos Witt,Adoración,"March 29, 2026",,3,No,A,
Danzo en el Río,Miel San Marcos,Alabanza,,,3,No,B-,
Llegó el Tiempo,Miel San Marcos,Alabanza,,,2,No,A-,
Remoliendo (MSM),Miel San Marcos,Alabanza,,,2,No,C-,
Remolineando (Fenrel),Fenrel Monroy,Alabanza,,,2,No,C-,
Grande y Fuerte (Proezas),Miel San Marcos,Alabanza,,,2,No,C-,
Grande y Fuerte (Dios es Real),Miel San Marcos,Alabanza,,,3,No,A-,
Al que está sentado en el Trono G12,Generación 12,Adoración,"February 8, 2026",68,2,No,,https://www.youtube.com/watch?v=yGSLKbpFLAU
Te Daré lo Mejor,Jesús Adrián Romero,Alabanza,,,3,No,E,
"Al Que Está Sentado en el Trono ",Marcos Brunet,Adoración,,,3,No,C-,
"Rompimiento  ",New Wine,Alabanza,"February 8, 2026",157,1,No,D-,https://youtu.be/JnP24Wz5ltM?si=woJEhJPccXmugqq_
"Será llena la tierra ",Marco Barrientos,Alabanza,,,5,No,A-,
Way Maker,,Adoración,,,3,No,,
"Sube, Sube",New Wine,Alabanza,"May 10, 2026",161,3,No,C-,https://www.youtube.com/watch?v=izxfXTvv67U
"Fuego ",Billy Bunster,Alabanza,"April 12, 2026",152,3,No,A-,https://youtu.be/qwEjqenZk_s?si=cLsyEIzmUn87PIn6
Cuán grande es él,Billy Bunster,Alabanza,"April 19, 2026",100,2,No,B,https://youtu.be/sWTtNnLQPPw?si=lGsehXc6pKps1w8k
Cuán Grande es Dios,En Espíritu y En Verdad,Adoración,"March 1, 2026",72,3,No,C,https://youtu.be/drFvhcWYS3U?si=KVWDoQ98KI-lzL0p
Portador de tu gloria,Alejandro del Bosque,Alabanza,"March 15, 2026",120,2,No,,https://youtu.be/yN5T5EjDVCU?si=-LTaLsCkKkW8Hu8e
Libre,Juan Carlos Alvarado,Alabanza,,,2,No,A,
Resplandece,Juan Carlos Alvarado,Alabanza,,,2,No,,
Ha llegado,Juan Carlos Alvarado,Alabanza,,,2,No,,
Me Gozaré,Juan Carlos Alvarado,Alabanza,,,2,No,,
Levántate Señor,Juan Carlos Alvarado,Alabanza,,,2,No,,
Yaweh Se Manifestará,Oasis,Adoración,,,,No,,
Soy Nueva criatura,Jesús Adrián Romero,Alabanza,,,1,No,,
"Suelto ",Saraí Rivera,Adoración,,,,No,,
Eres Fiel,Coalo Zamorano,Alabanza,"March 29, 2026",,,No,,
Por Quién Eres Tú,Coalo Zamorano,Adoración,"March 29, 2026",,,No,,
Un Viaje Largo,Marcela Gándara,Adoración,,,,No,,
Rey Vencedor,Miel San Marcos,Alabanza,"April 19, 2026",150,6,No,,https://www.youtube.com/watch?v=huPhM3PnwGY
Viene Ya,Miel San Marcos,Alabanza,,,,No,,
Te seguiré,Yashira Guidini,Adoración,,,,No,,
Haz un Milagro en Mí,Alexis Peña,Adoración,"March 8, 2026",59,2,No,,https://www.youtube.com/watch?v=D8gxe9m3nxA
"Dios ha Sido Bueno ",Marcos Witt,Adoración,,,,No,,
"Pon Aceite en mi vida ",Jaime Murrel,Alabanza,"April 26, 2026",136,2,No,E-,https://www.youtube.com/watch?v=JctR6g0a39E
"Cristo Vive ",Juan Carlos Alvarado,Alabanza,"April 12, 2026",152,1,No,D-,https://www.youtube.com/watch?v=jmcIlHQQg_E
"Jesús ",Montesanto,Adoración,"April 12, 2026",66,2,No,,https://youtu.be/4qFTOiqTUzY?si=GO5FPX7nCIb0Q5S3
Generación Que Danza,En Espíritu y En Verdad,Alabanza,"April 19, 2026",140,5,No,,https://www.youtube.com/watch?v=2WZjGOi73qY
"Jesús Mi Rey ",New Wine,Adoración,"April 26, 2026",60,1,No,,https://www.youtube.com/watch?v=3MfqeBPgdvo&list=RD3MfqeBPgdvo&start_radio=1
Bueno es Dios,CCINT,Alabanza,"April 26, 2026",155,2,No,Eb,https://www.youtube.com/watch?v=udx1Tqqs6a0
"Grita Canta Danza ",CCINT,Adoración,"April 26, 2026",155,1,No,,https://www.youtube.com/watch?v=udx1Tqqs6a0
Yo tengo Gozo,CCINT,Adoración,"April 26, 2026",155,1,No,,https://www.youtube.com/watch?v=udx1Tqqs6a0
Tu Estas Aqui,Jesús Adrián Romero,Adoración,,60,,No,E,https://youtu.be/k5VVck9ihUs?si=DTzPluc73qc-dCN5
"Eres Fiel ",Cristhian Hidall,Alabanza,"May 10, 2026",150,2,No,"C- ",https://www.youtube.com/watch?v=O6JrDUyeVV4&list=PLFFUlmL5xmATnbG9wr_4SxaQom9Y0PZjk&index=8
Mi Gozo,Barak,Alabanza,,,3,Yes,,https://youtu.be/IxD3JiOo9DY?si=A1lmh1HrkPnIfenz
"Cantos de Júbilo ",Jaime Murrel,Alabanza,"May 10, 2026",126,2,Yes,,https://youtu.be/wchrgDmxzXw?si=Q-rycHgbcLQHt7q2
Paraiso En Desierto,Ebenezer,,,,,No,,
Ven Espíritu Santo,Barak,,,,,No,,
Él Es Más Grande,Avivamiento,Adoración,,,1,Yes,,https://www.youtube.com/watch?v=c_7xEmW8RxM